{
  "trial": 60,
  "units": 128,
  "dropout": 0.15000000000000002,
  "num_layers": 3,
  "optimizer": "adam",
  "learning_rate": 0.00014857903091597703,
  "batch_size": 40,
  "epochs": 28,
  "accuracy": 0.9896638655462184,
  "mean_val_accuracy": 0.9860714197158813,
  "mean_val_loss": 0.039000315219163896,
  "f1_score": 0.9896637404612023,
  "precision": 0.9896890011267179,
  "recall": 0.9896638655462184,
  "training_time_seconds": 1205.0801928043365,
  "timestamp": "2025-07-20 16:38:04"
}