{
  "trial": 56,
  "units": 128,
  "dropout": 0.15000000000000002,
  "num_layers": 3,
  "optimizer": "adam",
  "learning_rate": 0.00014632208118627965,
  "batch_size": 40,
  "epochs": 28,
  "accuracy": 0.9920168067226891,
  "mean_val_accuracy": 0.986743688583374,
  "mean_val_loss": 0.036614864319562915,
  "f1_score": 0.9920153276738779,
  "precision": 0.9920299325831831,
  "recall": 0.9920168067226891,
  "training_time_seconds": 1197.4387531280518,
  "timestamp": "2025-07-20 15:17:28"
}