{
  "trial": 22,
  "units": 256,
  "dropout": 0.05,
  "num_layers": 5,
  "optimizer": "adam",
  "learning_rate": 0.00033933049681285994,
  "batch_size": 48,
  "epochs": 10,
  "accuracy": 0.9819327731092437,
  "mean_val_accuracy": 0.9765966415405274,
  "mean_val_loss": 0.06474376693367959,
  "f1_score": 0.9818550449445411,
  "precision": 0.9822617784351335,
  "recall": 0.9819327731092437,
  "training_time_seconds": 721.6917240619659,
  "timestamp": "2025-07-19 13:24:43"
}