{
  "trial": 8,
  "units": 64,
  "dropout": 0.05,
  "num_layers": 2,
  "optimizer": "adam",
  "learning_rate": 0.003124363394528359,
  "batch_size": 16,
  "epochs": 65,
  "accuracy": 0.989327731092437,
  "mean_val_accuracy": 0.9941596627235413,
  "mean_val_loss": 0.01868025530129671,
  "f1_score": 0.9893063842215033,
  "precision": 0.9893755931571613,
  "recall": 0.989327731092437,
  "training_time_seconds": 3579.872658729553,
  "timestamp": "2025-07-19 05:09:17"
}