{
  "trial": 32,
  "units": 32,
  "dropout": 0.05,
  "num_layers": 5,
  "optimizer": "adam",
  "learning_rate": 0.0006537201513376102,
  "batch_size": 8,
  "epochs": 42,
  "accuracy": 0.9902521008403361,
  "mean_val_accuracy": 0.9914285778999329,
  "mean_val_loss": 0.026667262241244317,
  "f1_score": 0.9902354192526025,
  "precision": 0.990299599319361,
  "recall": 0.9902521008403361,
  "training_time_seconds": 12582.502648115158,
  "timestamp": "2025-07-20 01:45:13"
}