{
  "trial": 15,
  "units": 32,
  "dropout": 0.05,
  "num_layers": 5,
  "optimizer": "adam",
  "learning_rate": 0.00010541938827101967,
  "batch_size": 32,
  "epochs": 98,
  "accuracy": 0.9915966386554622,
  "mean_val_accuracy": 0.9896638751029968,
  "mean_val_loss": 0.03210139162838459,
  "f1_score": 0.991588446134174,
  "precision": 0.9916552170033658,
  "recall": 0.9915966386554622,
  "training_time_seconds": 11575.065883636475,
  "timestamp": "2025-07-19 14:01:05"
}