{
  "trial": 41,
  "units": 32,
  "dropout": 0.15000000000000002,
  "num_layers": 5,
  "optimizer": "adam",
  "learning_rate": 0.00023026671918517232,
  "batch_size": 8,
  "epochs": 100,
  "accuracy": 0.9915126050420168,
  "mean_val_accuracy": 0.9917647004127502,
  "mean_val_loss": 0.025095590949058534,
  "f1_score": 0.9915091718286263,
  "precision": 0.9915237955560803,
  "recall": 0.9915126050420168,
  "training_time_seconds": 15251.277219772339,
  "timestamp": "2025-07-20 09:49:43"
}