{
  "trial": 1,
  "units": 32,
  "dropout": 0.05,
  "num_layers": 1,
  "optimizer": "adam",
  "learning_rate": 0.004737198185425148,
  "batch_size": 8,
  "epochs": 10,
  "accuracy": 0.9805042016806723,
  "mean_val_accuracy": 0.9814916014671325,
  "mean_val_loss": 0.05565865337848663,
  "f1_score": 0.9804593172160461,
  "precision": 0.9805470086625648,
  "recall": 0.9805042016806723,
  "training_time_seconds": 2328.4527423381805,
  "timestamp": "2025-07-18 17:34:53"
}