{
  "trial": 58,
  "units": 128,
  "dropout": 0.15000000000000002,
  "num_layers": 3,
  "optimizer": "adam",
  "learning_rate": 0.00014938983928569407,
  "batch_size": 40,
  "epochs": 28,
  "accuracy": 0.992436974789916,
  "mean_val_accuracy": 0.9863445401191712,
  "mean_val_loss": 0.03860657587647438,
  "f1_score": 0.9924310885473967,
  "precision": 0.9924544963161228,
  "recall": 0.992436974789916,
  "training_time_seconds": 1223.0463688373566,
  "timestamp": "2025-07-20 15:57:44"
}