{
  "trial": 40,
  "units": 160,
  "dropout": 0.05,
  "num_layers": 3,
  "optimizer": "adam",
  "learning_rate": 0.00042653639135158486,
  "batch_size": 48,
  "epochs": 54,
  "accuracy": 0.9920168067226891,
  "mean_val_accuracy": 0.9937815189361572,
  "mean_val_loss": 0.019344352930784226,
  "f1_score": 0.9920112857899746,
  "precision": 0.992028185877395,
  "recall": 0.9920168067226891,
  "training_time_seconds": 1527.42910695076,
  "timestamp": "2025-07-20 09:42:03"
}