{
  "trial": 38,
  "units": 224,
  "dropout": 0.15000000000000002,
  "num_layers": 4,
  "optimizer": "adam",
  "learning_rate": 0.0001,
  "batch_size": 8,
  "epochs": 76,
  "accuracy": 0.992436974789916,
  "mean_val_accuracy": 0.9931932687759399,
  "mean_val_loss": 0.020127843879163266,
  "f1_score": 0.992429505039576,
  "precision": 0.9924803562741766,
  "recall": 0.992436974789916,
  "training_time_seconds": 11915.923897504807,
  "timestamp": "2025-07-20 07:20:11"
}