{
  "trial": 29,
  "units": 256,
  "dropout": 0.15000000000000002,
  "num_layers": 2,
  "optimizer": "adam",
  "learning_rate": 0.008064926816414367,
  "batch_size": 120,
  "epochs": 10,
  "accuracy": 0.979327731092437,
  "mean_val_accuracy": 0.976386559009552,
  "mean_val_loss": 0.06673346981406211,
  "f1_score": 0.9792542699007437,
  "precision": 0.9794699324097381,
  "recall": 0.979327731092437,
  "training_time_seconds": 163.68536019325256,
  "timestamp": "2025-07-19 21:43:42"
}