{
  "trial": 6,
  "units": 224,
  "dropout": 0.05,
  "num_layers": 5,
  "optimizer": "sgd",
  "learning_rate": 0.001775133820866207,
  "batch_size": 8,
  "epochs": 21,
  "accuracy": 0.9635294117647059,
  "mean_val_accuracy": 0.8567436933517456,
  "mean_val_loss": 0.33236754685640335,
  "f1_score": 0.963238947765447,
  "precision": 0.9639155060301731,
  "recall": 0.9635294117647059,
  "training_time_seconds": 18260.394299030304,
  "timestamp": "2025-07-19 02:35:13"
}