{
  "trial": 44,
  "units": 256,
  "dropout": 0.05,
  "num_layers": 4,
  "optimizer": "adam",
  "learning_rate": 0.00010752236428181743,
  "batch_size": 8,
  "epochs": 28,
  "accuracy": 0.9901680672268908,
  "mean_val_accuracy": 0.988886547088623,
  "mean_val_loss": 0.030304168350994587,
  "f1_score": 0.9901603407002912,
  "precision": 0.9902102261107915,
  "recall": 0.9901680672268908,
  "training_time_seconds": 7326.9475729465485,
  "timestamp": "2025-07-20 14:24:40"
}