{
  "trial": 36,
  "units": 256,
  "dropout": 0.05,
  "num_layers": 1,
  "optimizer": "adam",
  "learning_rate": 0.0004500625144302805,
  "batch_size": 8,
  "epochs": 85,
  "accuracy": 0.9908403361344538,
  "mean_val_accuracy": 0.9936344504356385,
  "mean_val_loss": 0.018717949278652668,
  "f1_score": 0.990834394181157,
  "precision": 0.9908521875062458,
  "recall": 0.9908403361344538,
  "training_time_seconds": 5692.959570169449,
  "timestamp": "2025-07-20 03:49:33"
}