{
  "trial": 26,
  "units": 32,
  "dropout": 0.15000000000000002,
  "num_layers": 5,
  "optimizer": "adam",
  "learning_rate": 0.0001,
  "batch_size": 8,
  "epochs": 37,
  "accuracy": 0.9880672268907563,
  "mean_val_accuracy": 0.9811764836311341,
  "mean_val_loss": 0.05496385544538498,
  "f1_score": 0.9880536448134881,
  "precision": 0.9880808978544688,
  "recall": 0.9880672268907563,
  "training_time_seconds": 13559.962349891663,
  "timestamp": "2025-07-19 18:01:07"
}