{
  "trial": 48,
  "units": 128,
  "dropout": 0.15000000000000002,
  "num_layers": 3,
  "optimizer": "adam",
  "learning_rate": 0.0001241783346535321,
  "batch_size": 40,
  "epochs": 29,
  "accuracy": 0.9908403361344538,
  "mean_val_accuracy": 0.9861554622650146,
  "mean_val_loss": 0.03815661743283272,
  "f1_score": 0.9908330914360535,
  "precision": 0.9908565594798466,
  "recall": 0.9908403361344538,
  "training_time_seconds": 1197.2050263881683,
  "timestamp": "2025-07-20 12:25:02"
}