{
  "trial": 27,
  "units": 32,
  "dropout": 0.15000000000000002,
  "num_layers": 1,
  "optimizer": "adam",
  "learning_rate": 0.0001,
  "batch_size": 8,
  "epochs": 89,
  "accuracy": 0.9911764705882353,
  "mean_val_accuracy": 0.9892016768455505,
  "mean_val_loss": 0.03378948643803596,
  "f1_score": 0.9911741550054177,
  "precision": 0.9911796864714025,
  "recall": 0.9911764705882353,
  "training_time_seconds": 12303.907047748566,
  "timestamp": "2025-07-19 21:27:00"
}