{
  "trial": 34,
  "units": 256,
  "dropout": 0.15000000000000002,
  "num_layers": 5,
  "optimizer": "adam",
  "learning_rate": 0.001901927908045395,
  "batch_size": 48,
  "epochs": 10,
  "accuracy": 0.9820168067226891,
  "mean_val_accuracy": 0.9772688984870911,
  "mean_val_loss": 0.06567282006144523,
  "f1_score": 0.9819838625170961,
  "precision": 0.9820121321651092,
  "recall": 0.9820168067226891,
  "training_time_seconds": 631.067060470581,
  "timestamp": "2025-07-20 01:59:53"
}