{
  "trial": 50,
  "units": 128,
  "dropout": 0.15000000000000002,
  "num_layers": 3,
  "optimizer": "adam",
  "learning_rate": 0.00013942897930138725,
  "batch_size": 40,
  "epochs": 28,
  "accuracy": 0.990672268907563,
  "mean_val_accuracy": 0.9874369621276855,
  "mean_val_loss": 0.03575192764401436,
  "f1_score": 0.9906695081390859,
  "precision": 0.9907190389321767,
  "recall": 0.990672268907563,
  "training_time_seconds": 1288.551893234253,
  "timestamp": "2025-07-20 13:13:05"
}