{
  "trial": 11,
  "units": 32,
  "dropout": 0.15000000000000002,
  "num_layers": 1,
  "optimizer": "sgd",
  "learning_rate": 0.00027648986844846585,
  "batch_size": 32,
  "epochs": 73,
  "accuracy": 0.8515126050420168,
  "mean_val_accuracy": 0.7550420165061951,
  "mean_val_loss": 0.6310707211494446,
  "f1_score": 0.8474972640364539,
  "precision": 0.8545551000019983,
  "recall": 0.8515126050420168,
  "training_time_seconds": 2370.7915444374084,
  "timestamp": "2025-07-19 07:18:02"
}