{
  "trial": 20,
  "units": 160,
  "dropout": 0.05,
  "num_layers": 1,
  "optimizer": "adam",
  "learning_rate": 0.0002868519531845337,
  "batch_size": 48,
  "epochs": 33,
  "accuracy": 0.9933613445378151,
  "mean_val_accuracy": 0.9904201745986938,
  "mean_val_loss": 0.027542190067470072,
  "f1_score": 0.9933587381856572,
  "precision": 0.9933728776894183,
  "recall": 0.9933613445378151,
  "training_time_seconds": 1172.8176317214966,
  "timestamp": "2025-07-19 12:58:23"
}