{
  "trial": 14,
  "units": 96,
  "dropout": 0.05,
  "num_layers": 1,
  "optimizer": "adam",
  "learning_rate": 0.008361465883857158,
  "batch_size": 40,
  "epochs": 100,
  "accuracy": 0.9885714285714285,
  "mean_val_accuracy": 0.9908193349838257,
  "mean_val_loss": 0.027809445187449454,
  "f1_score": 0.9885577557446901,
  "precision": 0.9885815880283244,
  "recall": 0.9885714285714285,
  "training_time_seconds": 1722.1563560962677,
  "timestamp": "2025-07-19 10:44:15"
}