{
  "trial": 37,
  "units": 256,
  "dropout": 0.15000000000000002,
  "num_layers": 1,
  "optimizer": "adam",
  "learning_rate": 0.00028346027373509164,
  "batch_size": 80,
  "epochs": 62,
  "accuracy": 0.9925210084033613,
  "mean_val_accuracy": 0.9927311062812805,
  "mean_val_loss": 0.020810035802423955,
  "f1_score": 0.992522851999026,
  "precision": 0.9925312092472485,
  "recall": 0.9925210084033613,
  "training_time_seconds": 701.3498935699463,
  "timestamp": "2025-07-20 04:01:24"
}